<?xml version="1.0" encoding="UTF-8"?>
<project-private xmlns="http://www.netbeans.org/ns/project-private/1">
    <editor-bookmarks xmlns="http://www.netbeans.org/ns/editor-bookmarks/2" lastBookmarkId="0"/>
    <open-files xmlns="http://www.netbeans.org/ns/projectui-open-files/2">
        <group>
            <file>file:/C:/Kuliah/SMT%204/prak%20pbo/tugas%20akhir/proyek%20akhir/edit/edit/Proyek2/src/View/AkunView.java</file>
            <file>file:/C:/Kuliah/SMT%204/prak%20pbo/tugas%20akhir/proyek%20akhir/edit/edit/Proyek2/src/View/GantiPassView.java</file>
            <file>file:/C:/Kuliah/SMT%204/prak%20pbo/tugas%20akhir/proyek%20akhir/edit/edit/Proyek2/src/Main.java</file>
            <file>file:/C:/Kuliah/SMT%204/prak%20pbo/tugas%20akhir/proyek%20akhir/edit/edit/Proyek2/src/View/HomeView.java</file>
            <file>file:/C:/Kuliah/SMT%204/prak%20pbo/tugas%20akhir/proyek%20akhir/edit/edit/Proyek2/src/View/LoginView.java</file>
            <file>file:/C:/Kuliah/SMT%204/prak%20pbo/tugas%20akhir/proyek%20akhir/edit/edit/Proyek2/src/View/GantiPinView.java</file>
            <file>file:/C:/Kuliah/SMT%204/prak%20pbo/tugas%20akhir/proyek%20akhir/edit/edit/Proyek2/src/Controller/AkunController.java</file>
            <file>file:/C:/Kuliah/SMT%204/prak%20pbo/tugas%20akhir/proyek%20akhir/edit/edit/Proyek2/src/View/TransferView.java</file>
            <file>file:/C:/Kuliah/SMT%204/prak%20pbo/tugas%20akhir/proyek%20akhir/edit/edit/Proyek2/src/View/TopUpView.java</file>
        </group>
    </open-files>
</project-private>
